수정 된다!!,t수정된다 드디어1!,MODIFIED
아니 이렇게 분리해줘도 되는거 맞냐고,대체 맞냐니깐,PUBLISHED
이렇게[ 부ㅠㄴ리 해도 되나요 ,dfㅎㄹㅎㄴㅎㅇ,PUBLISHED
이렇게[ 부ㅠㄴ리 해도 되나요 ,dfㅎㄹㅎㄴㅎㅇ,PUBLISHED
아니 이렇게 분리해줘도 되는거 맞냐고,대체 맞냐니깐,PUBLISHED
이렇게[ 부ㅠㄴ리 해도 되나요 ,dfㅎㄹㅎㄴㅎㅇ,PUBLISHED
,,PUBLISHED
,,PUBLISHED
,,PUBLISHED
,,PUBLISHED
124,2412,PUBLISHED
,,PUBLISHED
제발 되게해줘쵸,,PUBLISHED
자기야 난 왜 안돼?,,PUBLISHED
그럼이제돼?,그럼이제 되는거야 ??,PUBLISHED
이제는 되기를,아니 왜 복사가돼,PUBLISHED
???,???,PUBLISHED
오ㅐ ,아안되겟냐고,PUBLISHED
이제 되야지,,PUBLISHED
232344,234234234,PUBLISHED
1234,124,PUBLISHED
